,Product 1,Product 2,Support
0,extra dark chocolate,chicken,0.0027996267164378083
1,light cream,chicken,0.004532728969470737
2,mushroom cream sauce,escalope,0.005732568990801226
3,pasta,escalope,0.005865884548726837
4,fromage blanc,honey,0.003332888948140248
5,herb & pepper,ground beef,0.015997866951073192
6,tomato sauce,ground beef,0.005332622317024397
7,light cream,olive oil,0.003199573390214638
8,whole wheat pasta,olive oil,0.007998933475536596
9,pasta,shrimp,0.005065991201173177
